<environmentvariabledefinition schemaname="fmpp_CatNotifyEmail">
  <defaultvalue>admin@powerapps.live</defaultvalue>
  <description default="Email address for notable cats.">
    <label description="Email address for notable cats." languagecode="1033" />
  </description>
  <displayname default="Cat Notify Email">
    <label description="Cat Notify Email" languagecode="1033" />
  </displayname>
  <introducedversion>1.0.0.2</introducedversion>
  <iscustomizable>1</iscustomizable>
  <isrequired>0</isrequired>
  <type>100000000</type>
</environmentvariabledefinition>