<ImportExportXml version="9.2.21043.134" SolutionPackageVersion="9.2" languagecode="1033" generatedBy="CrmLive" xmlns:xsi="http://www.w3.org/2001/XMLSchema-instance">
  <SolutionManifest>
    <UniqueName>PowerCATs</UniqueName>
    <LocalizedNames>
      <LocalizedName description="PowerCATs" languagecode="1033" />
    </LocalizedNames>
    <Descriptions />
    <Version>1.0.0.47</Version>
    <Managed>0</Managed>
    <Publisher>
      <UniqueName>fmpp</UniqueName>
      <LocalizedNames>
        <LocalizedName description="Five Minute Power Platform" languagecode="1033" />
      </LocalizedNames>
      <Descriptions />
      <EMailAddress xsi:nil="true"></EMailAddress>
      <SupportingWebsiteUrl xsi:nil="true"></SupportingWebsiteUrl>
      <CustomizationPrefix>fmpp</CustomizationPrefix>
      <CustomizationOptionValuePrefix>49637</CustomizationOptionValuePrefix>
      <Addresses>
        <Address>
          <AddressNumber>1</AddressNumber>
          <AddressTypeCode>1</AddressTypeCode>
          <City xsi:nil="true"></City>
          <County xsi:nil="true"></County>
          <Country xsi:nil="true"></Country>
          <Fax xsi:nil="true"></Fax>
          <FreightTermsCode xsi:nil="true"></FreightTermsCode>
          <ImportSequenceNumber xsi:nil="true"></ImportSequenceNumber>
          <Latitude xsi:nil="true"></Latitude>
          <Line1 xsi:nil="true"></Line1>
          <Line2 xsi:nil="true"></Line2>
          <Line3 xsi:nil="true"></Line3>
          <Longitude xsi:nil="true"></Longitude>
          <Name xsi:nil="true"></Name>
          <PostalCode xsi:nil="true"></PostalCode>
          <PostOfficeBox xsi:nil="true"></PostOfficeBox>
          <PrimaryContactName xsi:nil="true"></PrimaryContactName>
          <ShippingMethodCode>1</ShippingMethodCode>
          <StateOrProvince xsi:nil="true"></StateOrProvince>
          <Telephone1 xsi:nil="true"></Telephone1>
          <Telephone2 xsi:nil="true"></Telephone2>
          <Telephone3 xsi:nil="true"></Telephone3>
          <TimeZoneRuleVersionNumber xsi:nil="true"></TimeZoneRuleVersionNumber>
          <UPSZone xsi:nil="true"></UPSZone>
          <UTCOffset xsi:nil="true"></UTCOffset>
          <UTCConversionTimeZoneCode xsi:nil="true"></UTCConversionTimeZoneCode>
        </Address>
        <Address>
          <AddressNumber>2</AddressNumber>
          <AddressTypeCode>1</AddressTypeCode>
          <City xsi:nil="true"></City>
          <County xsi:nil="true"></County>
          <Country xsi:nil="true"></Country>
          <Fax xsi:nil="true"></Fax>
          <FreightTermsCode xsi:nil="true"></FreightTermsCode>
          <ImportSequenceNumber xsi:nil="true"></ImportSequenceNumber>
          <Latitude xsi:nil="true"></Latitude>
          <Line1 xsi:nil="true"></Line1>
          <Line2 xsi:nil="true"></Line2>
          <Line3 xsi:nil="true"></Line3>
          <Longitude xsi:nil="true"></Longitude>
          <Name xsi:nil="true"></Name>
          <PostalCode xsi:nil="true"></PostalCode>
          <PostOfficeBox xsi:nil="true"></PostOfficeBox>
          <PrimaryContactName xsi:nil="true"></PrimaryContactName>
          <ShippingMethodCode>1</ShippingMethodCode>
          <StateOrProvince xsi:nil="true"></StateOrProvince>
          <Telephone1 xsi:nil="true"></Telephone1>
          <Telephone2 xsi:nil="true"></Telephone2>
          <Telephone3 xsi:nil="true"></Telephone3>
          <TimeZoneRuleVersionNumber xsi:nil="true"></TimeZoneRuleVersionNumber>
          <UPSZone xsi:nil="true"></UPSZone>
          <UTCOffset xsi:nil="true"></UTCOffset>
          <UTCConversionTimeZoneCode xsi:nil="true"></UTCConversionTimeZoneCode>
        </Address>
      </Addresses>
    </Publisher>
    <RootComponents>
      <RootComponent type="1" schemaName="fmpp_felines" behavior="0" />
      <RootComponent type="20" id="{0e1fca68-e2bb-ea11-a812-000d3a5bf00e}" behavior="0" />
      <RootComponent type="29" id="{3f693d29-03a9-ea11-a812-000d3a36be6a}" behavior="0" />
      <RootComponent type="29" id="{9a55b9b3-2155-eb11-a812-002248091a0c}" behavior="0" />
      <RootComponent type="60" id="{4a002c93-2b4b-4a78-996c-6636ff6cf0bf}" behavior="0" />
      <RootComponent type="62" schemaName="fmpp_CATalog" behavior="0" />
      <RootComponent type="80" schemaName="fmpp_CATalog" behavior="0" />
      <RootComponent type="300" schemaName="fmpp_powercatrater_09ce9" behavior="0" />
      <RootComponent type="431" schemaName="fmpp_felines fmpp_photo" behavior="0" />
      <RootComponent type="432" schemaName="fmpp_felines" behavior="0" />
    </RootComponents>
    <MissingDependencies>
      <MissingDependency>
        <Required key="0" type="1" schemaName="environmentvariablevalue" displayName="Environment Variable Value" solution="EnvironmentVariables (1.0.2.77)" />
        <Dependent key="1" type="29" displayName="PowerCAT - Kittygram" id="{9a55b9b3-2155-eb11-a812-002248091a0c}" />
      </MissingDependency>
      <MissingDependency>
        <Required key="2" type="66" schemaName="MscrmControls.Rating.StarRatingControl" displayName="MscrmControls.Rating.StarRatingControl" solution="CustomControlsCore (9.2.21043.00134)" />
        <Dependent key="3" type="60" displayName="Information" parentDisplayName="Felines" id="{4a002c93-2b4b-4a78-996c-6636ff6cf0bf}" />
      </MissingDependency>
      <MissingDependency>
        <Required key="4" type="61" schemaName="msdyn_/Images/AppModule_Default_Icon.png" displayName="msdyn_/Images/AppModule_Default_Icon.png" solution="AppModuleWebResources (2.5)" />
        <Dependent key="5" type="80" schemaName="fmpp_CATalog" displayName="CAT-alog" />
      </MissingDependency>
    </MissingDependencies>
  </SolutionManifest>
</ImportExportXml>