{"properties":{"connectionReferences":{},"definition":{"$schema":"https://schema.management.azure.com/providers/Microsoft.Logic/schemas/2016-06-01/workflowdefinition.json#","contentVersion":"1.0.0.0","parameters":{"$authentication":{"defaultValue":{},"type":"SecureObject"}},"triggers":{"manual":{"type":"Request","kind":"Button","inputs":{"schema":{"type":"object","properties":{"text":{"title":"htmlText","type":"string","x-ms-dynamically-added":true,"description":"Please enter your input","x-ms-content-hint":"TEXT"},"text_1":{"title":"replaceList","type":"string","x-ms-dynamically-added":true,"description":"Please enter your input","x-ms-content-hint":"TEXT"}},"required":["text","text_1"]}}}},"actions":{"Respond_to_a_PowerApp_or_flow":{"runAfter":{"Replace_newlines":["Succeeded"]},"type":"Response","kind":"PowerApp","inputs":{"statusCode":200,"body":{"markdown":"@{outputs('Replace_newlines')}"},"schema":{"type":"object","properties":{"markdown":{"title":"markdown","x-ms-dynamically-added":true,"type":"string"}}}}},"Initialize_variable":{"runAfter":{},"type":"InitializeVariable","inputs":{"variables":[{"name":"stringToConvert","type":"string","value":"@triggerBody()['text']"}]}},"Parse_JSON":{"runAfter":{"Initialize_variable":["Succeeded"]},"type":"ParseJson","inputs":{"content":"@triggerBody()['text_1']","schema":{"type":"array","items":{"type":"object","properties":{"find":{"type":"string"},"replace":{"type":"string"}},"required":["find","replace"]}}}},"Replace_nbsp":{"runAfter":{"Parse_JSON":["Succeeded"]},"type":"Compose","inputs":"@replace(variables('stringToConvert'),'&nbsp;',' ')"},"Set_variable":{"runAfter":{"Replace_nbsp":["Succeeded"]},"type":"SetVariable","inputs":{"name":"stringToConvert","value":"@{outputs('Replace_nbsp')}"}},"Replace_para":{"runAfter":{"Set_variable":["Succeeded"]},"type":"Compose","inputs":"@replace(variables('stringToConvert'), '<p>', '')"},"Set_variable_2":{"runAfter":{"Replace_para":["Succeeded"]},"type":"SetVariable","inputs":{"name":"stringToConvert","value":"@{outputs('Replace_nbsp')}"}},"Replace_para_close":{"runAfter":{"Set_variable_2":["Succeeded"]},"type":"Compose","inputs":"@replace(variables('stringToConvert'), '</p>', '[NEWLINE]')"},"Set_variable_3":{"runAfter":{"Replace_para_close":["Succeeded"]},"type":"SetVariable","inputs":{"name":"stringToConvert","value":"@{outputs('Replace_para_close')}"}},"Apply_to_each":{"foreach":"@body('Parse_JSON')","actions":{"Replace_parseList_item":{"runAfter":{},"type":"Compose","inputs":"@replace(variables('stringToConvert'),items('Apply_to_each')['find'],items('Apply_to_each')['replace'])"},"Set_variable_4":{"runAfter":{"Replace_parseList_item":["Succeeded"]},"type":"SetVariable","inputs":{"name":"stringToConvert","value":"@{outputs('Replace_parseList_item')}"}}},"runAfter":{"Set_variable_3":["Succeeded"]},"type":"Foreach"},"Replace_newlines":{"runAfter":{"Apply_to_each":["Succeeded"]},"type":"Compose","inputs":"@replace(variables('stringToConvert'),'[NEWLINE]', decodeUriComponent('%0A'))"}},"outputs":{}}},"schemaVersion":"1.0.0.0"}