{"properties":{"connectionReferences":{"shared_commondataserviceforapps":{"runtimeSource":"embedded","connection":{"connectionReferenceLogicalName":"new_sharedcommondataserviceforapps_26e38"},"api":{"name":"shared_commondataserviceforapps"}},"shared_twitter":{"runtimeSource":"embedded","connection":{"connectionReferenceLogicalName":"new_sharedtwitter_e7e5c"},"api":{"name":"shared_twitter"}}},"definition":{"$schema":"https://schema.management.azure.com/providers/Microsoft.Logic/schemas/2016-06-01/workflowdefinition.json#","contentVersion":"1.0.0.0","parameters":{"$connections":{"defaultValue":{},"type":"Object"},"$authentication":{"defaultValue":{},"type":"SecureObject"}},"triggers":{"When_a_new_tweet_is_posted":{"recurrence":{"interval":1,"frequency":"Minute"},"splitOn":"@triggerOutputs()?['body/value']","type":"OpenApiConnection","inputs":{"host":{"connectionName":"shared_twitter","operationId":"OnNewTweet","apiId":"/providers/Microsoft.PowerApps/apis/shared_twitter"},"parameters":{"searchQuery":"#GoldenGlobes"},"authentication":"@parameters('$authentication')"}}},"actions":{"Add_a_new_row":{"runAfter":{},"type":"OpenApiConnection","inputs":{"host":{"connectionName":"shared_commondataserviceforapps","operationId":"CreateRecord","apiId":"/providers/Microsoft.PowerApps/apis/shared_commondataserviceforapps"},"parameters":{"entityName":"appnotifications","item/title":"@triggerOutputs()?['body/TweetedBy']","item/body":"@triggerOutputs()?['body/TweetText']","item/data":"{\"iconUrl\":\"/WebResources/new_icon_twitter\",\"actions\":[{\"title\":\"View Tweet\",\"data\":{\"url\":\"https://twitter.com/@{triggerOutputs()?['body/UserDetails/UserName']}/status/@{triggerOutputs()?['body/TweetId']}\"}}]}","item/icontype":100000005},"authentication":"@parameters('$authentication')"}}},"outputs":{}}},"schemaVersion":"1.0.0.0"}