{"properties":{"connectionReferences":{"shared_commondataserviceforapps":{"runtimeSource":"embedded","connection":{"connectionReferenceLogicalName":"new_sharedcommondataserviceforapps_26e38"},"api":{"name":"shared_commondataserviceforapps"}}},"definition":{"$schema":"https://schema.management.azure.com/providers/Microsoft.Logic/schemas/2016-06-01/workflowdefinition.json#","contentVersion":"1.0.0.0","parameters":{"$connections":{"defaultValue":{},"type":"Object"},"$authentication":{"defaultValue":{},"type":"SecureObject"}},"triggers":{"When_a_row_is_added,_modified_or_deleted":{"type":"OpenApiConnectionWebhook","inputs":{"host":{"connectionName":"shared_commondataserviceforapps","operationId":"SubscribeWebhookTrigger","apiId":"/providers/Microsoft.PowerApps/apis/shared_commondataserviceforapps"},"parameters":{"subscriptionRequest/message":1,"subscriptionRequest/entityname":"msdyn_flow_approval","subscriptionRequest/scope":4},"authentication":"@parameters('$authentication')"}}},"actions":{"Add_a_new_row":{"runAfter":{"Initialize_variable":["Succeeded"]},"type":"OpenApiConnection","inputs":{"host":{"connectionName":"shared_commondataserviceforapps","operationId":"CreateRecord","apiId":"/providers/Microsoft.PowerApps/apis/shared_commondataserviceforapps"},"parameters":{"entityName":"appnotifications","item/title":"@triggerOutputs()?['body/msdyn_flow_approval_title']","item/body":"@triggerOutputs()?['body/msdyn_flow_approval_details']","item/data":"{\"iconUrl\":\"/WebResources/new_icon_approvals\",\"actions\":[{\"title\":\"Take Action\",\"data\":{\"url\":\"@{variables('Flow Approval Root URL')}/approvals/received/@{triggerOutputs()?['body/msdyn_flow_approvalid']}\"}}]}","item/icontype":100000005,"item/ownerid@odata.bind":"@triggerOutputs()?['body/_owninguser_value']","item/priority":200000000,"item/toasttype":200000000},"authentication":"@parameters('$authentication')"}},"Initialize_variable":{"runAfter":{},"type":"InitializeVariable","inputs":{"variables":[{"name":"Flow Approval Root URL","type":"string","value":"https://canada.flow.microsoft.com/manage/environments/dfd973cc-103c-4f65-88eb-a94e89c729eb"}]}}},"outputs":{}}},"schemaVersion":"1.0.0.0"}