{"properties":{"connectionReferences":{"shared_twitter":{"runtimeSource":"embedded","connection":{},"api":{"name":"shared_twitter"}},"shared_commondataserviceforapps":{"runtimeSource":"embedded","connection":{},"api":{"name":"shared_commondataserviceforapps"}}},"definition":{"$schema":"https://schema.management.azure.com/providers/Microsoft.Logic/schemas/2016-06-01/workflowdefinition.json#","contentVersion":"1.0.0.0","parameters":{"$connections":{"defaultValue":{},"type":"Object"},"$authentication":{"defaultValue":{},"type":"SecureObject"}},"triggers":{"manual":{"type":"Request","kind":"Button","inputs":{"schema":{"type":"object","properties":{},"required":[]}}}},"actions":{"Search_tweets":{"runAfter":{},"type":"OpenApiConnection","inputs":{"host":{"connectionName":"shared_twitter","operationId":"SearchTweet","apiId":"/providers/Microsoft.PowerApps/apis/shared_twitter"},"parameters":{"searchQuery":"#PowerPlatform","maxResults":1},"authentication":{"type":"Raw","value":"@json(decodeBase64(triggerOutputs().headers['X-MS-APIM-Tokens']))['$ConnectionKey']"}}},"Apply_to_each":{"foreach":"@outputs('Search_tweets')?['body']","actions":{"Add_a_new_row":{"runAfter":{},"type":"OpenApiConnection","inputs":{"host":{"connectionName":"shared_commondataserviceforapps","operationId":"CreateRecord","apiId":"/providers/Microsoft.PowerApps/apis/shared_commondataserviceforapps"},"parameters":{"entityName":"appnotifications","item/title":"@items('Apply_to_each')?['TweetedBy']","item/body":"@items('Apply_to_each')?['TweetText']","item/data":"{\"iconUrl\":\"/WebResources/new_icon_twitter\",\"actions\":[{\"title\":\"View Tweet\",\"data\":{\"url\":\"https://twitter.com/@{items('Apply_to_each')?['UserDetails/UserName']}/status/@{items('Apply_to_each')?['TweetId']}\"}}]}","item/icontype":100000005},"authentication":{"type":"Raw","value":"@json(decodeBase64(triggerOutputs().headers['X-MS-APIM-Tokens']))['$ConnectionKey']"}}}},"runAfter":{"Search_tweets":["Succeeded"]},"type":"Foreach"}},"outputs":{}}},"schemaVersion":"1.0.0.0"}