{"properties":{"connectionReferences":{"shared_approvals":{"runtimeSource":"invoker","connection":{"connectionReferenceLogicalName":"new_sharedapprovals_588f2"},"api":{"name":"shared_approvals"}},"shared_commondataserviceforapps":{"runtimeSource":"embedded","connection":{"connectionReferenceLogicalName":"new_sharedcommondataserviceforapps_26e38"},"api":{"name":"shared_commondataserviceforapps"}}},"definition":{"$schema":"https://schema.management.azure.com/providers/Microsoft.Logic/schemas/2016-06-01/workflowdefinition.json#","contentVersion":"1.0.0.0","parameters":{"$connections":{"defaultValue":{},"type":"Object"},"$authentication":{"defaultValue":{},"type":"SecureObject"}},"triggers":{"manual":{"type":"Request","kind":"Button","inputs":{"schema":{"type":"object","properties":{"text":{"title":"Approval Title","type":"string","x-ms-dynamically-added":true,"description":"Please enter your input","x-ms-content-hint":"TEXT"},"text_1":{"title":"Approval Details","type":"string","x-ms-dynamically-added":true,"description":"Please enter your input","x-ms-content-hint":"TEXT"},"email":{"title":"Approver","type":"string","format":"email","x-ms-dynamically-added":true,"description":"Please enter an e-mail address","x-ms-content-hint":"EMAIL"}},"required":["text","text_1","email"]},"headersSchema":{"x-ms-user-email-encoded":{"title":"User email","type":"string","format":"byte","x-ms-dynamically-added":false}}}}},"actions":{"Create_an_approval":{"runAfter":{},"type":"OpenApiConnection","inputs":{"host":{"connectionName":"shared_approvals","operationId":"CreateAnApproval","apiId":"/providers/Microsoft.PowerApps/apis/shared_approvals"},"parameters":{"approvalType":"Basic","ApprovalCreationInput/title":"@triggerBody()['text']","ApprovalCreationInput/assignedTo":"@{triggerBody()['email']};;","ApprovalCreationInput/details":"@triggerBody()['text_1']","ApprovalCreationInput/enableNotifications":true,"ApprovalCreationInput/enableReassignment":true},"authentication":{"type":"Raw","value":"@json(decodeBase64(triggerOutputs().headers['X-MS-APIM-Tokens']))['$ConnectionKey']"}}},"Create_Notification":{"runAfter":{"Get_First_Dataverse_User_Based_On_Approval_Email":["Succeeded"]},"type":"OpenApiConnection","inputs":{"host":{"connectionName":"shared_commondataserviceforapps","operationId":"CreateRecord","apiId":"/providers/Microsoft.PowerApps/apis/shared_commondataserviceforapps"},"parameters":{"entityName":"appnotifications","item/title":"@outputs('Create_an_approval')?['body/title']","item/body":"@outputs('Create_an_approval')?['body/details']","item/data":"{\"iconUrl\":\"/WebResources/new_icon_approvals\",\"actions\":[{\"title\":\"Take Action\",\"data\":{\"url\":\"@{outputs('Create_an_approval')?['body/respondLink']}\"}}]}","item/icontype":100000005,"item/ownerid@odata.bind":"@variables('DV User')","item/toasttype":200000000},"authentication":{"type":"Raw","value":"@json(decodeBase64(triggerOutputs().headers['X-MS-APIM-Tokens']))['$ConnectionKey']"}}},"List_Dataverse_Users_Based_On_Approval_Email":{"runAfter":{"Create_an_approval":["Succeeded"]},"type":"OpenApiConnection","inputs":{"host":{"connectionName":"shared_commondataserviceforapps","operationId":"ListRecords","apiId":"/providers/Microsoft.PowerApps/apis/shared_commondataserviceforapps"},"parameters":{"entityName":"systemusers","$select":"systemuserid","$filter":"domainname eq '@{triggerBody()['email']}'","$top":1},"authentication":{"type":"Raw","value":"@json(decodeBase64(triggerOutputs().headers['X-MS-APIM-Tokens']))['$ConnectionKey']"}}},"Get_First_Dataverse_User_Based_On_Approval_Email":{"runAfter":{"List_Dataverse_Users_Based_On_Approval_Email":["Succeeded"]},"type":"InitializeVariable","inputs":{"variables":[{"name":"DV User","type":"string","value":"@{first(outputs('List_Dataverse_Users_Based_On_Approval_Email')?['body/value'])?['@odata.id']}"}]}},"Wait_for_an_approval":{"runAfter":{"Create_Notification":["Succeeded"]},"type":"OpenApiConnectionWebhook","inputs":{"host":{"connectionName":"shared_approvals","operationId":"WaitForAnApproval","apiId":"/providers/Microsoft.PowerApps/apis/shared_approvals"},"parameters":{"approvalName":"@outputs('Create_an_approval')?['body/name']"},"authentication":{"type":"Raw","value":"@json(decodeBase64(triggerOutputs().headers['X-MS-APIM-Tokens']))['$ConnectionKey']"}}},"Delete_Notification":{"runAfter":{"Wait_for_an_approval":["Succeeded"]},"type":"OpenApiConnection","inputs":{"host":{"connectionName":"shared_commondataserviceforapps","operationId":"DeleteRecord","apiId":"/providers/Microsoft.PowerApps/apis/shared_commondataserviceforapps"},"parameters":{"entityName":"appnotifications","recordId":"@outputs('Create_Notification')?['body/appnotificationid']"},"authentication":{"type":"Raw","value":"@json(decodeBase64(triggerOutputs().headers['X-MS-APIM-Tokens']))['$ConnectionKey']"}}}},"outputs":{}}},"schemaVersion":"1.0.0.0"}