{"properties":{"connectionReferences":{"shared_approvals_1":{"runtimeSource":"invoker","connection":{"connectionReferenceLogicalName":"new_sharedapprovals_588f2"},"api":{"name":"shared_approvals"}}},"definition":{"$schema":"https://schema.management.azure.com/providers/Microsoft.Logic/schemas/2016-06-01/workflowdefinition.json#","contentVersion":"1.0.0.0","parameters":{"$connections":{"defaultValue":{},"type":"Object"},"$authentication":{"defaultValue":{},"type":"SecureObject"}},"triggers":{"manual":{"type":"Request","kind":"Button","inputs":{"schema":{"type":"object","properties":{},"required":[]}}}},"actions":{"Create_an_approval":{"runAfter":{},"type":"OpenApiConnection","inputs":{"host":{"connectionName":"shared_approvals_1","operationId":"CreateAnApproval","apiId":"/providers/Microsoft.PowerApps/apis/shared_approvals"},"parameters":{"approvalType":"Basic","ApprovalCreationInput/title":"Approve Invoice 46367","ApprovalCreationInput/assignedTo":"admin@powerapps.live","ApprovalCreationInput/details":"New invoice 46367 for $58,685 to Northwest Pluming needs exception approval.","ApprovalCreationInput/enableNotifications":true,"ApprovalCreationInput/enableReassignment":true},"authentication":{"type":"Raw","value":"@json(decodeBase64(triggerOutputs().headers['X-MS-APIM-Tokens']))['$ConnectionKey']"}}}},"outputs":{}}},"schemaVersion":"1.0.0.0"}