{"properties":{"connectionReferences":{"shared_commondataserviceforapps":{"runtimeSource":"embedded","connection":{"connectionReferenceLogicalName":"new_sharedcommondataserviceforapps_26e38"},"api":{"name":"shared_commondataserviceforapps"}}},"definition":{"$schema":"https://schema.management.azure.com/providers/Microsoft.Logic/schemas/2016-06-01/workflowdefinition.json#","contentVersion":"1.0.0.0","parameters":{"$connections":{"defaultValue":{},"type":"Object"},"$authentication":{"defaultValue":{},"type":"SecureObject"}},"triggers":{"manual":{"type":"Request","kind":"PowerAppV2","inputs":{"schema":{"type":"object","properties":{"text":{"title":"Html","type":"string","x-ms-dynamically-added":true,"description":"Please enter your input","x-ms-content-hint":"TEXT"},"text_1":{"title":"Title","type":"string","x-ms-dynamically-added":true,"description":"Please enter your input","x-ms-content-hint":"TEXT"},"text_3":{"title":"Actions","type":"string","x-ms-dynamically-added":true,"description":"Please enter your input","x-ms-content-hint":"TEXT"},"text_4":{"title":"replaceList","type":"string","x-ms-dynamically-added":true,"description":"Please enter your input","x-ms-content-hint":"TEXT"},"number":{"title":"Icon","type":"number","x-ms-dynamically-added":true,"description":"Please enter a number","x-ms-content-hint":"NUMBER"}},"required":["text","text_1","text_3","text_4","number"]}}}},"actions":{"Run_a_Child_Flow":{"runAfter":{},"type":"Workflow","inputs":{"host":{"workflowReferenceName":"38072780-bd09-ec11-b6e6-000d3ae91672"},"body":{"text":"@triggerBody()['text']","text_1":"@triggerBody()['text_4']"}}},"Add_a_new_row":{"runAfter":{"Run_a_Child_Flow":["Succeeded"]},"type":"OpenApiConnection","inputs":{"host":{"connectionName":"shared_commondataserviceforapps","operationId":"CreateRecord","apiId":"/providers/Microsoft.PowerApps/apis/shared_commondataserviceforapps"},"parameters":{"entityName":"appnotifications","item/title":"@triggerBody()['text_1']","item/body":"@outputs('Run_a_Child_Flow')?['Body']?['markdown']","item/data":"{\"actions\":@{triggerBody()['text_3']}}","item/icontype":"@triggerBody()['number']","item/priority":200000000,"item/toasttype":200000000},"authentication":"@parameters('$authentication')"}},"Respond_to_a_PowerApp_or_flow":{"runAfter":{"Add_a_new_row":["Succeeded"]},"type":"Response","kind":"PowerApp","inputs":{"statusCode":200,"body":{"recordid":"@outputs('Add_a_new_row')?['body/appnotificationid']"},"schema":{"type":"object","properties":{"recordid":{"title":"RecordId","x-ms-dynamically-added":true,"type":"string"}}}}}},"outputs":{}}},"schemaVersion":"1.0.0.0"}