<ImportExportXml version="9.2.21083.126" SolutionPackageVersion="9.2" languagecode="1033" generatedBy="CrmLive" xmlns:xsi="http://www.w3.org/2001/XMLSchema-instance">
  <SolutionManifest>
    <UniqueName>Notifications</UniqueName>
    <LocalizedNames>
      <LocalizedName description="Notifications" languagecode="1033" />
    </LocalizedNames>
    <Descriptions />
    <Version>1.0.0.7</Version>
    <Managed>1</Managed>
    <Publisher>
      <UniqueName>DefaultPublishertopnessugkeynote</UniqueName>
      <LocalizedNames>
        <LocalizedName description="Default Publisher for topness-ugkeynote" languagecode="1033" />
      </LocalizedNames>
      <Descriptions>
        <Description description="Default publisher for this organization" languagecode="1033" />
      </Descriptions>
      <EMailAddress xsi:nil="true"></EMailAddress>
      <SupportingWebsiteUrl xsi:nil="true"></SupportingWebsiteUrl>
      <CustomizationPrefix>new</CustomizationPrefix>
      <CustomizationOptionValuePrefix>10000</CustomizationOptionValuePrefix>
      <Addresses>
        <Address>
          <AddressNumber>1</AddressNumber>
          <AddressTypeCode xsi:nil="true"></AddressTypeCode>
          <City xsi:nil="true"></City>
          <County xsi:nil="true"></County>
          <Country xsi:nil="true"></Country>
          <Fax xsi:nil="true"></Fax>
          <FreightTermsCode xsi:nil="true"></FreightTermsCode>
          <ImportSequenceNumber xsi:nil="true"></ImportSequenceNumber>
          <Latitude xsi:nil="true"></Latitude>
          <Line1 xsi:nil="true"></Line1>
          <Line2 xsi:nil="true"></Line2>
          <Line3 xsi:nil="true"></Line3>
          <Longitude xsi:nil="true"></Longitude>
          <Name xsi:nil="true"></Name>
          <PostalCode xsi:nil="true"></PostalCode>
          <PostOfficeBox xsi:nil="true"></PostOfficeBox>
          <PrimaryContactName xsi:nil="true"></PrimaryContactName>
          <ShippingMethodCode xsi:nil="true"></ShippingMethodCode>
          <StateOrProvince xsi:nil="true"></StateOrProvince>
          <Telephone1 xsi:nil="true"></Telephone1>
          <Telephone2 xsi:nil="true"></Telephone2>
          <Telephone3 xsi:nil="true"></Telephone3>
          <TimeZoneRuleVersionNumber xsi:nil="true"></TimeZoneRuleVersionNumber>
          <UPSZone xsi:nil="true"></UPSZone>
          <UTCOffset xsi:nil="true"></UTCOffset>
          <UTCConversionTimeZoneCode xsi:nil="true"></UTCConversionTimeZoneCode>
        </Address>
        <Address>
          <AddressNumber>2</AddressNumber>
          <AddressTypeCode xsi:nil="true"></AddressTypeCode>
          <City xsi:nil="true"></City>
          <County xsi:nil="true"></County>
          <Country xsi:nil="true"></Country>
          <Fax xsi:nil="true"></Fax>
          <FreightTermsCode xsi:nil="true"></FreightTermsCode>
          <ImportSequenceNumber xsi:nil="true"></ImportSequenceNumber>
          <Latitude xsi:nil="true"></Latitude>
          <Line1 xsi:nil="true"></Line1>
          <Line2 xsi:nil="true"></Line2>
          <Line3 xsi:nil="true"></Line3>
          <Longitude xsi:nil="true"></Longitude>
          <Name xsi:nil="true"></Name>
          <PostalCode xsi:nil="true"></PostalCode>
          <PostOfficeBox xsi:nil="true"></PostOfficeBox>
          <PrimaryContactName xsi:nil="true"></PrimaryContactName>
          <ShippingMethodCode xsi:nil="true"></ShippingMethodCode>
          <StateOrProvince xsi:nil="true"></StateOrProvince>
          <Telephone1 xsi:nil="true"></Telephone1>
          <Telephone2 xsi:nil="true"></Telephone2>
          <Telephone3 xsi:nil="true"></Telephone3>
          <TimeZoneRuleVersionNumber xsi:nil="true"></TimeZoneRuleVersionNumber>
          <UPSZone xsi:nil="true"></UPSZone>
          <UTCOffset xsi:nil="true"></UTCOffset>
          <UTCConversionTimeZoneCode xsi:nil="true"></UTCConversionTimeZoneCode>
        </Address>
      </Addresses>
    </Publisher>
    <RootComponents>
      <RootComponent type="29" id="{0ca84e7a-7e79-eb11-a812-000d3a54d3b9}" behavior="0" />
      <RootComponent type="29" id="{221c080c-e979-eb11-a812-000d3a54d3b9}" behavior="0" />
      <RootComponent type="29" id="{38072780-bd09-ec11-b6e6-000d3ae91672}" behavior="0" />
      <RootComponent type="29" id="{70c9f833-c909-ec11-b6e6-000d3ae91960}" behavior="0" />
      <RootComponent type="29" id="{7c6c3b59-8179-eb11-a812-000d3a54d3b9}" behavior="0" />
      <RootComponent type="29" id="{db4f8eca-be09-ec11-b6e6-000d3ae91672}" behavior="0" />
      <RootComponent type="29" id="{ebfaf250-ea79-eb11-a812-000d3a54d3b9}" behavior="0" />
      <RootComponent type="29" id="{ec2d5af6-9c7a-eb11-a812-000d3a1d52ba}" behavior="0" />
      <RootComponent type="61" schemaName="new_icon_approvals" behavior="0" />
      <RootComponent type="61" schemaName="new_icon_twitter" behavior="0" />
      <RootComponent type="300" schemaName="new_app_47b5e" behavior="0" />
    </RootComponents>
    <MissingDependencies>
      <MissingDependency>
        <Required type="1" schemaName="appnotification" displayName="Notification" solution="AppNotifications (10.0.0.0)" />
        <Dependent type="29" displayName="Notification From Twitter" id="{0ca84e7a-7e79-eb11-a812-000d3a54d3b9}" />
      </MissingDependency>
      <MissingDependency>
        <Required type="1" schemaName="appnotification" displayName="Notification" solution="AppNotifications (10.0.0.0)" />
        <Dependent type="29" displayName="Notification From Twitter (manual trigger)" id="{70c9f833-c909-ec11-b6e6-000d3ae91960}" />
      </MissingDependency>
      <MissingDependency>
        <Required type="1" schemaName="appnotification" displayName="Notification" solution="AppNotifications (10.0.0.0)" />
        <Dependent type="29" displayName="Notification From Approval Table" id="{7c6c3b59-8179-eb11-a812-000d3a54d3b9}" />
      </MissingDependency>
      <MissingDependency>
        <Required type="1" schemaName="appnotification" displayName="Notification" solution="AppNotifications (10.0.0.0)" />
        <Dependent type="29" displayName="Send Notification" id="{db4f8eca-be09-ec11-b6e6-000d3ae91672}" />
      </MissingDependency>
      <MissingDependency>
        <Required type="1" schemaName="appnotification" displayName="Notification" solution="AppNotifications (10.0.0.0)" />
        <Dependent type="29" displayName="Notification - Clear Finished Approval" id="{ebfaf250-ea79-eb11-a812-000d3a54d3b9}" />
      </MissingDependency>
      <MissingDependency>
        <Required type="1" schemaName="appnotification" displayName="Notification" solution="AppNotifications (10.0.0.0)" />
        <Dependent type="29" displayName="Notification - Create and Wait For Approval" id="{ec2d5af6-9c7a-eb11-a812-000d3a1d52ba}" />
      </MissingDependency>
      <MissingDependency>
        <Required type="1" schemaName="msdyn_flow_approval" displayName="Approval" solution="msdyn_FlowApprovalsCore (2.0.3.1)">
          <package>msdyn_FlowApprovals (2.0.3.1)</package>
        </Required>
        <Dependent type="29" displayName="Notification From Approval Table" id="{7c6c3b59-8179-eb11-a812-000d3a54d3b9}" />
      </MissingDependency>
      <MissingDependency>
        <Required type="1" schemaName="msdyn_flow_approval" displayName="Approval" solution="msdyn_FlowApprovalsCore (2.0.3.1)">
          <package>msdyn_FlowApprovals (2.0.3.1)</package>
        </Required>
        <Dependent type="29" displayName="Notification - Clear Finished Approval" id="{ebfaf250-ea79-eb11-a812-000d3a54d3b9}" />
      </MissingDependency>
    </MissingDependencies>
  </SolutionManifest>
</ImportExportXml>