{"properties":{"connectionReferences":{"shared_webcontents":{"runtimeSource":"invoker","connection":{"connectionReferenceLogicalName":"cat_sharedwebcontents_01892"},"api":{"name":"shared_webcontents"}},"shared_commondataserviceforapps":{"runtimeSource":"embedded","connection":{"connectionReferenceLogicalName":"cat_sharedcommondataserviceforapps_0cabd"},"api":{"name":"shared_commondataserviceforapps"}}},"definition":{"$schema":"https://schema.management.azure.com/providers/Microsoft.Logic/schemas/2016-06-01/workflowdefinition.json#","contentVersion":"1.0.0.0","parameters":{"$connections":{"defaultValue":{},"type":"Object"},"$authentication":{"defaultValue":{},"type":"SecureObject"}},"triggers":{"manual":{"type":"Request","kind":"Button","inputs":{"schema":{"type":"object","properties":{"text":{"title":"Choice Name","type":"string","x-ms-dynamically-added":true,"description":"Please enter your input","x-ms-content-hint":"TEXT"},"text_1":{"title":"Choice Label","type":"string","x-ms-dynamically-added":true,"description":"Please enter your input","x-ms-content-hint":"TEXT"}},"required":["text","text_1"]}}}},"actions":{"Call_EntityDefinitions":{"runAfter":{"Set_Enviornment_Base_URL":["Succeeded"]},"type":"OpenApiConnection","inputs":{"host":{"connectionName":"shared_webcontents","operationId":"InvokeHttp","apiId":"/providers/Microsoft.PowerApps/apis/shared_webcontents"},"parameters":{"request/method":"GET","request/url":"@{variables('Environment Base URL')}api/data/v9.1/GlobalOptionSetDefinitions(Name='@{triggerBody()['text']}')"},"authentication":{"type":"Raw","value":"@json(decodeBase64(triggerOutputs().headers['X-MS-APIM-Tokens']))['$ConnectionKey']"}}},"Set_Enviornment_Base_URL":{"runAfter":{},"type":"InitializeVariable","inputs":{"variables":[{"name":"Environment Base URL","type":"string","value":"https://power-cat-live.crm.dynamics.com/"}]}},"Parse_JSON":{"runAfter":{"Call_EntityDefinitions":["Succeeded"]},"type":"ParseJson","inputs":{"content":"@outputs('Call_EntityDefinitions')?['body']","schema":{"type":"object","properties":{"@@odata.context":{"type":"string"},"@@odata.type":{"type":"string"},"IsCustomOptionSet":{"type":"boolean"},"IsGlobal":{"type":"boolean"},"IsManaged":{"type":"boolean"},"Name":{"type":"string"},"OptionSetType":{"type":"string"},"MetadataId":{"type":"string"},"Options":{"type":"array","items":{"type":"object","properties":{"Value":{"type":"integer"},"Label":{"type":"object","properties":{"UserLocalizedLabel":{"type":"object","properties":{"Label":{"type":"string"},"LanguageCode":{"type":"integer"},"IsManaged":{"type":"boolean"},"MetadataId":{"type":"string"},"HasChanged":{}}}}}},"required":["Value","Label"]}},"IsCustomizable":{"type":"object","properties":{"Value":{"type":"boolean"},"CanBeChanged":{"type":"boolean"},"ManagedPropertyLogicalName":{"type":"string"}}}}}}},"Filter_array":{"runAfter":{"Parse_JSON":["Succeeded"]},"type":"Query","inputs":{"from":"@body('Parse_JSON')?['Options']","where":"@equals(item()?['Label']?['UserLocalizedLabel']?['Label'], triggerBody()['text_1'])"}},"Condition":{"actions":{"Perform_an_unbound_action_InsertOptionValue":{"runAfter":{},"type":"OpenApiConnection","inputs":{"host":{"connectionName":"shared_commondataserviceforapps","operationId":"PerformUnboundAction","apiId":"/providers/Microsoft.PowerApps/apis/shared_commondataserviceforapps"},"parameters":{"actionName":"InsertOptionValue","item/OptionSetName":"@triggerBody()['text']","item/Label":{"LocalizedLabels":[{"Label":"@{triggerBody()['text_1']}","LanguageCode":1033}]},"item/SolutionUniqueName":"AddDataverseChoice"},"authentication":{"type":"Raw","value":"@json(decodeBase64(triggerOutputs().headers['X-MS-APIM-Tokens']))['$ConnectionKey']"}}}},"runAfter":{"Filter_array":["Succeeded"]},"expression":{"equals":["@length(body('Filter_array'))",0]},"type":"If","description":"length(body('Filter_array'))"}},"outputs":{}}},"schemaVersion":"1.0.0.0"}